"DESCRIPTION","DURATION IN MS","NAME","PARENT SUITE","START TIME","STATUS","STOP TIME","SUB SUITE","SUITE","TEST CLASS","TEST METHOD"
"","6053","Главная страница содержит заголовок","","Thu Dec 11 12:13:03 UTC 2025","failed","Thu Dec 11 12:13:09 UTC 2025","Тест класс","example-diff.spec.ts","",""
"","683","Главная страница содержит заголовок 2","","Thu Dec 11 12:11:33 UTC 2025","passed","Thu Dec 11 12:11:33 UTC 2025","Тест класс","example.spec.ts","",""
"","693","Главная страница содержит заголовок 2","","Thu Dec 11 12:09:36 UTC 2025","passed","Thu Dec 11 12:09:37 UTC 2025","Тест класс","example.spec.ts","",""
"","732","Главная страница содержит заголовок 2","","Thu Dec 11 12:18:06 UTC 2025","passed","Thu Dec 11 12:18:06 UTC 2025","Тест класс","example.spec.ts","",""
"","687","Главная страница содержит заголовок 2","","Thu Dec 11 12:15:07 UTC 2025","passed","Thu Dec 11 12:15:07 UTC 2025","Тест класс","example.spec.ts","",""
"","6067","Главная страница содержит заголовок","","Thu Dec 11 12:17:04 UTC 2025","failed","Thu Dec 11 12:17:11 UTC 2025","Тест класс","example-diff.spec.ts","",""
"","689","Главная страница содержит заголовок 2","","Thu Dec 11 12:22:34 UTC 2025","passed","Thu Dec 11 12:22:35 UTC 2025","Тест класс","example.spec.ts","",""
"","6044","Главная страница содержит заголовок","","Thu Dec 11 12:16:11 UTC 2025","failed","Thu Dec 11 12:16:17 UTC 2025","Тест класс","example.spec.ts","",""
"","701","Главная страница содержит заголовок 2","","Thu Dec 11 12:22:52 UTC 2025","passed","Thu Dec 11 12:22:52 UTC 2025","Тест класс","example-diff.spec.ts","",""
"","6010","Главная страница содержит заголовок","","Thu Dec 11 12:19:55 UTC 2025","failed","Thu Dec 11 12:20:01 UTC 2025","Тест класс","example.spec.ts","",""
"","6055","Главная страница содержит заголовок","","Thu Dec 11 12:12:37 UTC 2025","failed","Thu Dec 11 12:12:43 UTC 2025","Тест класс","example-diff.spec.ts","",""
"","670","Главная страница содержит заголовок 2","","Thu Dec 11 12:20:11 UTC 2025","passed","Thu Dec 11 12:20:11 UTC 2025","Тест класс","example.spec.ts","",""
"","6065","Главная страница содержит заголовок","","Thu Dec 11 12:17:31 UTC 2025","failed","Thu Dec 11 12:17:37 UTC 2025","Тест класс","example-diff.spec.ts","",""
"","6018","Главная страница содержит заголовок","","Thu Dec 11 12:19:28 UTC 2025","failed","Thu Dec 11 12:19:34 UTC 2025","Тест класс","example-diff.spec.ts","",""
"","5954","Главная страница содержит заголовок","","Thu Dec 11 12:14:06 UTC 2025","failed","Thu Dec 11 12:14:12 UTC 2025","Тест класс","example.spec.ts","",""
"","727","Главная страница содержит заголовок 2","","Thu Dec 11 12:15:42 UTC 2025","passed","Thu Dec 11 12:15:43 UTC 2025","Тест класс","example.spec.ts","",""
"","6022","Главная страница содержит заголовок","","Thu Dec 11 12:10:50 UTC 2025","failed","Thu Dec 11 12:10:56 UTC 2025","Тест класс","example.spec.ts","",""
"","697","Главная страница содержит заголовок 2","","Thu Dec 11 12:09:10 UTC 2025","passed","Thu Dec 11 12:09:10 UTC 2025","Тест класс","example.spec.ts","",""
"","6036","Главная страница содержит заголовок","","Thu Dec 11 12:14:51 UTC 2025","failed","Thu Dec 11 12:14:57 UTC 2025","Тест класс","example.spec.ts","",""
"","5995","Главная страница содержит заголовок","","Thu Dec 11 12:20:04 UTC 2025","failed","Thu Dec 11 12:20:10 UTC 2025","Тест класс","example.spec.ts","",""
"","6025","Главная страница содержит заголовок","","Thu Dec 11 12:10:59 UTC 2025","failed","Thu Dec 11 12:11:05 UTC 2025","Тест класс","example.spec.ts","",""
"","686","Главная страница содержит заголовок 2","","Thu Dec 11 12:13:20 UTC 2025","passed","Thu Dec 11 12:13:20 UTC 2025","Тест класс","example.spec.ts","",""
"","698","Главная страница содержит заголовок 2","","Thu Dec 11 12:19:44 UTC 2025","passed","Thu Dec 11 12:19:44 UTC 2025","Тест класс","example-diff.spec.ts","",""
"","731","Главная страница содержит заголовок 2","","Thu Dec 11 12:12:53 UTC 2025","passed","Thu Dec 11 12:12:53 UTC 2025","Тест класс","example-diff.spec.ts","",""
"","6049","Главная страница содержит заголовок","","Thu Dec 11 12:13:57 UTC 2025","failed","Thu Dec 11 12:14:03 UTC 2025","Тест класс","example.spec.ts","",""
"","721","Главная страница содержит заголовок 2","","Thu Dec 11 12:10:39 UTC 2025","passed","Thu Dec 11 12:10:40 UTC 2025","Тест класс","example-diff.spec.ts","",""
"","5971","Главная страница содержит заголовок","","Thu Dec 11 12:12:01 UTC 2025","failed","Thu Dec 11 12:12:07 UTC 2025","Тест класс","example.spec.ts","",""
"","6028","Главная страница содержит заголовок","","Thu Dec 11 12:20:12 UTC 2025","failed","Thu Dec 11 12:20:18 UTC 2025","Тест класс","example-diff.spec.ts","",""
"","773","Главная страница содержит заголовок 2","","Thu Dec 11 12:17:38 UTC 2025","passed","Thu Dec 11 12:17:39 UTC 2025","Тест класс","example-diff.spec.ts","",""
"","6022","Главная страница содержит заголовок","","Thu Dec 11 12:10:41 UTC 2025","failed","Thu Dec 11 12:10:47 UTC 2025","Тест класс","example-diff.spec.ts","",""
"","6051","Главная страница содержит заголовок","","Thu Dec 11 12:16:20 UTC 2025","failed","Thu Dec 11 12:16:26 UTC 2025","Тест класс","example-diff.spec.ts","",""
"","706","Главная страница содержит заголовок 2","","Thu Dec 11 12:21:49 UTC 2025","passed","Thu Dec 11 12:21:50 UTC 2025","Тест класс","example-diff.spec.ts","",""
"","5995","Главная страница содержит заголовок","","Thu Dec 11 12:21:24 UTC 2025","failed","Thu Dec 11 12:21:30 UTC 2025","Тест класс","example.spec.ts","",""
"","5988","Главная страница содержит заголовок","","Thu Dec 11 12:14:15 UTC 2025","failed","Thu Dec 11 12:14:21 UTC 2025","Тест класс","example.spec.ts","",""
"","678","Главная страница содержит заголовок 2","","Thu Dec 11 12:10:39 UTC 2025","passed","Thu Dec 11 12:10:40 UTC 2025","Тест класс","example.spec.ts","",""
"","6010","Главная страница содержит заголовок","","Thu Dec 11 12:11:43 UTC 2025","failed","Thu Dec 11 12:11:49 UTC 2025","Тест класс","example-diff.spec.ts","",""
"","667","Главная страница содержит заголовок 2","","Thu Dec 11 12:14:13 UTC 2025","passed","Thu Dec 11 12:14:14 UTC 2025","Тест класс","example.spec.ts","",""
"","684","Главная страница содержит заголовок 2","","Thu Dec 11 12:14:58 UTC 2025","passed","Thu Dec 11 12:14:58 UTC 2025","Тест класс","example.spec.ts","",""
"","6079","Главная страница содержит заголовок","","Thu Dec 11 12:16:56 UTC 2025","failed","Thu Dec 11 12:17:02 UTC 2025","Тест класс","example.spec.ts","",""
"","6032","Главная страница содержит заголовок","","Thu Dec 11 12:19:36 UTC 2025","failed","Thu Dec 11 12:19:42 UTC 2025","Тест класс","example-diff.spec.ts","",""
"","740","Главная страница содержит заголовок 2","","Thu Dec 11 12:16:00 UTC 2025","passed","Thu Dec 11 12:16:01 UTC 2025","Тест класс","example-diff.spec.ts","",""
"","6023","Главная страница содержит заголовок","","Thu Dec 11 12:15:08 UTC 2025","failed","Thu Dec 11 12:15:14 UTC 2025","Тест класс","example-diff.spec.ts","",""
"","774","Главная страница содержит заголовок 2","","Thu Dec 11 12:08:16 UTC 2025","passed","Thu Dec 11 12:08:16 UTC 2025","Тест класс","example.spec.ts","",""
"","6097","Главная страница содержит заголовок","","Thu Dec 11 12:09:56 UTC 2025","failed","Thu Dec 11 12:10:02 UTC 2025","Тест класс","example-diff.spec.ts","",""
"","689","Главная страница содержит заголовок 2","","Thu Dec 11 12:12:44 UTC 2025","passed","Thu Dec 11 12:12:45 UTC 2025","Тест класс","example.spec.ts","",""
"","6061","Главная страница содержит заголовок","","Thu Dec 11 12:10:32 UTC 2025","failed","Thu Dec 11 12:10:38 UTC 2025","Тест класс","example.spec.ts","",""
"","6100","Главная страница содержит заголовок","","Thu Dec 11 12:17:58 UTC 2025","failed","Thu Dec 11 12:18:04 UTC 2025","Тест класс","example-diff.spec.ts","",""
"","732","Главная страница содержит заголовок 2","","Thu Dec 11 12:19:35 UTC 2025","passed","Thu Dec 11 12:19:35 UTC 2025","Тест класс","example-diff.spec.ts","",""
"","742","Главная страница содержит заголовок 2","","Thu Dec 11 12:10:12 UTC 2025","passed","Thu Dec 11 12:10:13 UTC 2025","Тест класс","example-diff.spec.ts","",""
"","6093","Главная страница содержит заголовок","","Thu Dec 11 12:16:02 UTC 2025","failed","Thu Dec 11 12:16:08 UTC 2025","Тест класс","example-diff.spec.ts","",""
"","652","Главная страница содержит заголовок 2","","Thu Dec 11 12:20:02 UTC 2025","passed","Thu Dec 11 12:20:02 UTC 2025","Тест класс","example.spec.ts","",""
"","6051","Главная страница содержит заголовок","","Thu Dec 11 12:13:21 UTC 2025","failed","Thu Dec 11 12:13:27 UTC 2025","Тест класс","example-diff.spec.ts","",""
"","6005","Главная страница содержит заголовок","","Thu Dec 11 12:22:36 UTC 2025","failed","Thu Dec 11 12:22:42 UTC 2025","Тест класс","example.spec.ts","",""
"","688","Главная страница содержит заголовок 2","","Thu Dec 11 12:19:08 UTC 2025","passed","Thu Dec 11 12:19:09 UTC 2025","Тест класс","example-diff.spec.ts","",""
"","712","Главная страница содержит заголовок 2","","Thu Dec 11 12:10:12 UTC 2025","passed","Thu Dec 11 12:10:13 UTC 2025","Тест класс","example.spec.ts","",""
"","738","Главная страница содержит заголовок 2","","Thu Dec 11 12:17:03 UTC 2025","passed","Thu Dec 11 12:17:03 UTC 2025","Тест класс","example-diff.spec.ts","",""
"","660","Главная страница содержит заголовок 2","","Thu Dec 11 12:19:26 UTC 2025","passed","Thu Dec 11 12:19:27 UTC 2025","Тест класс","example.spec.ts","",""
"","6011","Главная страница содержит заголовок","","Thu Dec 11 12:09:11 UTC 2025","failed","Thu Dec 11 12:09:17 UTC 2025","Тест класс","example.spec.ts","",""
"","6028","Главная страница содержит заголовок","","Thu Dec 11 12:19:45 UTC 2025","failed","Thu Dec 11 12:19:51 UTC 2025","Тест класс","example-diff.spec.ts","",""
"","726","Главная страница содержит заголовок 2","","Thu Dec 11 12:13:29 UTC 2025","passed","Thu Dec 11 12:13:29 UTC 2025","Тест класс","example.spec.ts","",""
"","703","Главная страница содержит заголовок 2","","Thu Dec 11 12:18:15 UTC 2025","passed","Thu Dec 11 12:18:15 UTC 2025","Тест класс","example.spec.ts","",""
"","717","Главная страница содержит заголовок 2","","Thu Dec 11 12:17:21 UTC 2025","passed","Thu Dec 11 12:17:21 UTC 2025","Тест класс","example-diff.spec.ts","",""
"","723","Главная страница содержит заголовок 2","","Thu Dec 11 12:20:01 UTC 2025","passed","Thu Dec 11 12:20:02 UTC 2025","Тест класс","example-diff.spec.ts","",""
"","6047","Главная страница содержит заголовок","","Thu Dec 11 12:08:44 UTC 2025","failed","Thu Dec 11 12:08:50 UTC 2025","Тест класс","example-diff.spec.ts","",""
"","732","Главная страница содержит заголовок 2","","Thu Dec 11 12:13:11 UTC 2025","passed","Thu Dec 11 12:13:11 UTC 2025","Тест класс","example-diff.spec.ts","",""
"","714","Главная страница содержит заголовок 2","","Thu Dec 11 12:12:08 UTC 2025","passed","Thu Dec 11 12:12:09 UTC 2025","Тест класс","example-diff.spec.ts","",""
"","655","Главная страница содержит заголовок 2","","Thu Dec 11 12:11:24 UTC 2025","passed","Thu Dec 11 12:11:24 UTC 2025","Тест класс","example.spec.ts","",""
"","760","Главная страница содержит заголовок 2","","Thu Dec 11 12:08:25 UTC 2025","passed","Thu Dec 11 12:08:25 UTC 2025","Тест класс","example-diff.spec.ts","",""
"","6039","Главная страница содержит заголовок","","Thu Dec 11 12:10:58 UTC 2025","failed","Thu Dec 11 12:11:04 UTC 2025","Тест класс","example-diff.spec.ts","",""
"","5981","Главная страница содержит заголовок","","Thu Dec 11 12:18:34 UTC 2025","failed","Thu Dec 11 12:18:40 UTC 2025","Тест класс","example-diff.spec.ts","",""
"","6016","Главная страница содержит заголовок","","Thu Dec 11 12:21:06 UTC 2025","failed","Thu Dec 11 12:21:12 UTC 2025","Тест класс","example.spec.ts","",""
"","655","Главная страница содержит заголовок 2","","Thu Dec 11 12:19:08 UTC 2025","passed","Thu Dec 11 12:19:09 UTC 2025","Тест класс","example.spec.ts","",""
"","6006","Главная страница содержит заголовок","","Thu Dec 11 12:13:13 UTC 2025","failed","Thu Dec 11 12:13:19 UTC 2025","Тест класс","example.spec.ts","",""
"","5975","Главная страница содержит заголовок","","Thu Dec 11 12:20:39 UTC 2025","failed","Thu Dec 11 12:20:45 UTC 2025","Тест класс","example.spec.ts","",""
"","5985","Главная страница содержит заголовок","","Thu Dec 11 12:09:20 UTC 2025","failed","Thu Dec 11 12:09:26 UTC 2025","Тест класс","example-diff.spec.ts","",""
"","639","Главная страница содержит заголовок 2","","Thu Dec 11 12:14:22 UTC 2025","passed","Thu Dec 11 12:14:23 UTC 2025","Тест класс","example.spec.ts","",""
"","6077","Главная страница содержит заголовок","","Thu Dec 11 12:15:44 UTC 2025","failed","Thu Dec 11 12:15:50 UTC 2025","Тест класс","example.spec.ts","",""
"","676","Главная страница содержит заголовок 2","","Thu Dec 11 12:12:17 UTC 2025","passed","Thu Dec 11 12:12:18 UTC 2025","Тест класс","example-diff.spec.ts","",""
"","6257","Главная страница содержит заголовок","","Thu Dec 11 12:08:08 UTC 2025","failed","Thu Dec 11 12:08:14 UTC 2025","Тест класс","example-diff.spec.ts","",""
"","702","Главная страница содержит заголовок 2","","Thu Dec 11 12:08:34 UTC 2025","passed","Thu Dec 11 12:08:34 UTC 2025","Тест класс","example.spec.ts","",""
"","6007","Главная страница содержит заголовок","","Thu Dec 11 12:22:18 UTC 2025","failed","Thu Dec 11 12:22:24 UTC 2025","Тест класс","example.spec.ts","",""
"","6019","Главная страница содержит заголовок","","Thu Dec 11 12:18:16 UTC 2025","failed","Thu Dec 11 12:18:22 UTC 2025","Тест класс","example.spec.ts","",""
"","709","Главная страница содержит заголовок 2","","Thu Dec 11 12:20:46 UTC 2025","passed","Thu Dec 11 12:20:47 UTC 2025","Тест класс","example-diff.spec.ts","",""
"","767","Главная страница содержит заголовок 2","","Thu Dec 11 12:18:05 UTC 2025","passed","Thu Dec 11 12:18:06 UTC 2025","Тест класс","example-diff.spec.ts","",""
"","5950","Главная страница содержит заголовок","","Thu Dec 11 12:12:10 UTC 2025","failed","Thu Dec 11 12:12:16 UTC 2025","Тест класс","example.spec.ts","",""
"","715","Главная страница содержит заголовок 2","","Thu Dec 11 12:17:03 UTC 2025","passed","Thu Dec 11 12:17:04 UTC 2025","Тест класс","example.spec.ts","",""
"","686","Главная страница содержит заголовок 2","","Thu Dec 11 12:19:53 UTC 2025","passed","Thu Dec 11 12:19:54 UTC 2025","Тест класс","example.spec.ts","",""
"","662","Главная страница содержит заголовок 2","","Thu Dec 11 12:20:55 UTC 2025","passed","Thu Dec 11 12:20:56 UTC 2025","Тест класс","example.spec.ts","",""
"","736","Главная страница содержит заголовок 2","","Thu Dec 11 12:16:27 UTC 2025","passed","Thu Dec 11 12:16:28 UTC 2025","Тест класс","example-diff.spec.ts","",""
"","6058","Главная страница содержит заголовок","","Thu Dec 11 12:09:02 UTC 2025","failed","Thu Dec 11 12:09:08 UTC 2025","Тест класс","example-diff.spec.ts","",""
"","6050","Главная страница содержит заголовок","","Thu Dec 11 12:18:25 UTC 2025","failed","Thu Dec 11 12:18:31 UTC 2025","Тест класс","example-diff.spec.ts","",""
"","761","Главная страница содержит заголовок 2","","Thu Dec 11 12:09:45 UTC 2025","passed","Thu Dec 11 12:09:46 UTC 2025","Тест класс","example-diff.spec.ts","",""
"","6037","Главная страница содержит заголовок","","Thu Dec 11 12:13:30 UTC 2025","failed","Thu Dec 11 12:13:36 UTC 2025","Тест класс","example.spec.ts","",""
"","6041","Главная страница содержит заголовок","","Thu Dec 11 12:17:14 UTC 2025","failed","Thu Dec 11 12:17:20 UTC 2025","Тест класс","example.spec.ts","",""
"","709","Главная страница содержит заголовок 2","","Thu Dec 11 12:19:26 UTC 2025","passed","Thu Dec 11 12:19:26 UTC 2025","Тест класс","example-diff.spec.ts","",""
"","755","Главная страница содержит заголовок 2","","Thu Dec 11 12:17:29 UTC 2025","passed","Thu Dec 11 12:17:30 UTC 2025","Тест класс","example-diff.spec.ts","",""
"","691","Главная страница содержит заголовок 2","","Thu Dec 11 12:22:43 UTC 2025","passed","Thu Dec 11 12:22:44 UTC 2025","Тест класс","example.spec.ts","",""
"","6055","Главная страница содержит заголовок","","Thu Dec 11 12:14:59 UTC 2025","failed","Thu Dec 11 12:15:05 UTC 2025","Тест класс","example-diff.spec.ts","",""
"","6026","Главная страница содержит заголовок","","Thu Dec 11 12:14:32 UTC 2025","failed","Thu Dec 11 12:14:38 UTC 2025","Тест класс","example-diff.spec.ts","",""
"","665","Главная страница содержит заголовок 2","","Thu Dec 11 12:23:01 UTC 2025","passed","Thu Dec 11 12:23:02 UTC 2025","Тест класс","example.spec.ts","",""
"","705","Главная страница содержит заголовок 2","","Thu Dec 11 12:20:19 UTC 2025","passed","Thu Dec 11 12:20:20 UTC 2025","Тест класс","example-diff.spec.ts","",""
"","5993","Главная страница содержит заголовок","","Thu Dec 11 12:12:19 UTC 2025","failed","Thu Dec 11 12:12:25 UTC 2025","Тест класс","example-diff.spec.ts","",""
"","6039","Главная страница содержит заголовок","","Thu Dec 11 12:10:41 UTC 2025","failed","Thu Dec 11 12:10:47 UTC 2025","Тест класс","example.spec.ts","",""
"","5951","Главная страница содержит заголовок","","Thu Dec 11 12:12:10 UTC 2025","failed","Thu Dec 11 12:12:16 UTC 2025","Тест класс","example-diff.spec.ts","",""
"","6037","Главная страница содержит заголовок","","Thu Dec 11 12:17:05 UTC 2025","failed","Thu Dec 11 12:17:11 UTC 2025","Тест класс","example.spec.ts","",""
"","745","Главная страница содержит заголовок 2","","Thu Dec 11 12:22:34 UTC 2025","passed","Thu Dec 11 12:22:35 UTC 2025","Тест класс","example-diff.spec.ts","",""
"","6152","Главная страница содержит заголовок","","Thu Dec 11 12:08:26 UTC 2025","failed","Thu Dec 11 12:08:33 UTC 2025","Тест класс","example.spec.ts","",""
"","6032","Главная страница содержит заголовок","","Thu Dec 11 12:13:39 UTC 2025","failed","Thu Dec 11 12:13:45 UTC 2025","Тест класс","example-diff.spec.ts","",""
"","5992","Главная страница содержит заголовок","","Thu Dec 11 12:18:43 UTC 2025","failed","Thu Dec 11 12:18:49 UTC 2025","Тест класс","example-diff.spec.ts","",""
"","6096","Главная страница содержит заголовок","","Thu Dec 11 12:21:42 UTC 2025","failed","Thu Dec 11 12:21:48 UTC 2025","Тест класс","example.spec.ts","",""
"","696","Главная страница содержит заголовок 2","","Thu Dec 11 12:17:57 UTC 2025","passed","Thu Dec 11 12:17:57 UTC 2025","Тест класс","example.spec.ts","",""
"","631","Главная страница содержит заголовок 2","","Thu Dec 11 12:12:17 UTC 2025","passed","Thu Dec 11 12:12:18 UTC 2025","Тест класс","example.spec.ts","",""
"","683","Главная страница содержит заголовок 2","","Thu Dec 11 12:11:42 UTC 2025","passed","Thu Dec 11 12:11:42 UTC 2025","Тест класс","example.spec.ts","",""
"","6023","Главная страница содержит заголовок","","Thu Dec 11 12:21:15 UTC 2025","failed","Thu Dec 11 12:21:21 UTC 2025","Тест класс","example-diff.spec.ts","",""
"","5999","Главная страница содержит заголовок","","Thu Dec 11 12:19:37 UTC 2025","failed","Thu Dec 11 12:19:43 UTC 2025","Тест класс","example.spec.ts","",""
"","697","Главная страница содержит заголовок 2","","Thu Dec 11 12:19:35 UTC 2025","passed","Thu Dec 11 12:19:36 UTC 2025","Тест класс","example.spec.ts","",""
"","6049","Главная страница содержит заголовок","","Thu Dec 11 12:09:38 UTC 2025","failed","Thu Dec 11 12:09:44 UTC 2025","Тест класс","example.spec.ts","",""
"","706","Главная страница содержит заголовок 2","","Thu Dec 11 12:13:19 UTC 2025","passed","Thu Dec 11 12:13:20 UTC 2025","Тест класс","example-diff.spec.ts","",""
"","6113","Главная страница содержит заголовок","","Thu Dec 11 12:08:26 UTC 2025","failed","Thu Dec 11 12:08:33 UTC 2025","Тест класс","example-diff.spec.ts","",""
"","705","Главная страница содержит заголовок 2","","Thu Dec 11 12:11:50 UTC 2025","passed","Thu Dec 11 12:11:51 UTC 2025","Тест класс","example-diff.spec.ts","",""
"","5956","Главная страница содержит заголовок","","Thu Dec 11 12:11:08 UTC 2025","failed","Thu Dec 11 12:11:14 UTC 2025","Тест класс","example.spec.ts","",""
"","715","Главная страница содержит заголовок 2","","Thu Dec 11 12:13:28 UTC 2025","passed","Thu Dec 11 12:13:29 UTC 2025","Тест класс","example-diff.spec.ts","",""
"","6026","Главная страница содержит заголовок","","Thu Dec 11 12:15:08 UTC 2025","failed","Thu Dec 11 12:15:14 UTC 2025","Тест класс","example.spec.ts","",""
"","6048","Главная страница содержит заголовок","","Thu Dec 11 12:18:25 UTC 2025","failed","Thu Dec 11 12:18:31 UTC 2025","Тест класс","example.spec.ts","",""
"","6078","Главная страница содержит заголовок","","Thu Dec 11 12:21:33 UTC 2025","failed","Thu Dec 11 12:21:39 UTC 2025","Тест класс","example.spec.ts","",""
"","6014","Главная страница содержит заголовок","","Thu Dec 11 12:11:25 UTC 2025","failed","Thu Dec 11 12:11:31 UTC 2025","Тест класс","example.spec.ts","",""
"","699","Главная страница содержит заголовок 2","","Thu Dec 11 12:21:22 UTC 2025","passed","Thu Dec 11 12:21:23 UTC 2025","Тест класс","example-diff.spec.ts","",""
"","6075","Главная страница содержит заголовок","","Thu Dec 11 12:12:46 UTC 2025","failed","Thu Dec 11 12:12:52 UTC 2025","Тест класс","example-diff.spec.ts","",""
"","639","Главная страница содержит заголовок 2","","Thu Dec 11 12:09:27 UTC 2025","passed","Thu Dec 11 12:09:28 UTC 2025","Тест класс","example.spec.ts","",""
"","6029","Главная страница содержит заголовок","","Thu Dec 11 12:20:21 UTC 2025","failed","Thu Dec 11 12:20:27 UTC 2025","Тест класс","example.spec.ts","",""
"","6119","Главная страница содержит заголовок","","Thu Dec 11 12:08:36 UTC 2025","failed","Thu Dec 11 12:08:42 UTC 2025","Тест класс","example.spec.ts","",""
"","713","Главная страница содержит заголовок 2","","Thu Dec 11 12:09:09 UTC 2025","passed","Thu Dec 11 12:09:10 UTC 2025","Тест класс","example-diff.spec.ts","",""
"","6030","Главная страница содержит заголовок","","Thu Dec 11 12:20:57 UTC 2025","failed","Thu Dec 11 12:21:03 UTC 2025","Тест класс","example.spec.ts","",""
"","677","Главная страница содержит заголовок 2","","Thu Dec 11 12:13:46 UTC 2025","passed","Thu Dec 11 12:13:47 UTC 2025","Тест класс","example.spec.ts","",""
"","6083","Главная страница содержит заголовок","","Thu Dec 11 12:11:25 UTC 2025","failed","Thu Dec 11 12:11:31 UTC 2025","Тест класс","example-diff.spec.ts","",""
"","708","Главная страница содержит заголовок 2","","Thu Dec 11 12:16:36 UTC 2025","passed","Thu Dec 11 12:16:37 UTC 2025","Тест класс","example.spec.ts","",""
"","6003","Главная страница содержит заголовок","","Thu Dec 11 12:20:48 UTC 2025","failed","Thu Dec 11 12:20:54 UTC 2025","Тест класс","example.spec.ts","",""
"","673","Главная страница содержит заголовок 2","","Thu Dec 11 12:12:26 UTC 2025","passed","Thu Dec 11 12:12:27 UTC 2025","Тест класс","example-diff.spec.ts","",""
"","6007","Главная страница содержит заголовок","","Thu Dec 11 12:11:43 UTC 2025","failed","Thu Dec 11 12:11:49 UTC 2025","Тест класс","example.spec.ts","",""
"","6022","Главная страница содержит заголовок","","Thu Dec 11 12:11:16 UTC 2025","failed","Thu Dec 11 12:11:22 UTC 2025","Тест класс","example-diff.spec.ts","",""
"","6032","Главная страница содержит заголовок","","Thu Dec 11 12:20:12 UTC 2025","failed","Thu Dec 11 12:20:19 UTC 2025","Тест класс","example.spec.ts","",""
"","6013","Главная страница содержит заголовок","","Thu Dec 11 12:20:39 UTC 2025","failed","Thu Dec 11 12:20:45 UTC 2025","Тест класс","example-diff.spec.ts","",""
"","691","Главная страница содержит заголовок 2","","Thu Dec 11 12:22:25 UTC 2025","passed","Thu Dec 11 12:22:26 UTC 2025","Тест класс","example.spec.ts","",""
"","683","Главная страница содержит заголовок 2","","Thu Dec 11 12:16:27 UTC 2025","passed","Thu Dec 11 12:16:28 UTC 2025","Тест класс","example.spec.ts","",""
"","5964","Главная страница содержит заголовок","","Thu Dec 11 12:18:34 UTC 2025","failed","Thu Dec 11 12:18:40 UTC 2025","Тест класс","example.spec.ts","",""
"","707","Главная страница содержит заголовок 2","","Thu Dec 11 12:22:25 UTC 2025","passed","Thu Dec 11 12:22:26 UTC 2025","Тест класс","example-diff.spec.ts","",""
"","753","Главная страница содержит заголовок 2","","Thu Dec 11 12:18:14 UTC 2025","passed","Thu Dec 11 12:18:15 UTC 2025","Тест класс","example-diff.spec.ts","",""
"","6044","Главная страница содержит заголовок","","Thu Dec 11 12:14:50 UTC 2025","failed","Thu Dec 11 12:14:56 UTC 2025","Тест класс","example-diff.spec.ts","",""
"","6066","Главная страница содержит заголовок","","Thu Dec 11 12:12:46 UTC 2025","failed","Thu Dec 11 12:12:52 UTC 2025","Тест класс","example.spec.ts","",""
"","6104","Главная страница содержит заголовок","","Thu Dec 11 12:17:49 UTC 2025","failed","Thu Dec 11 12:17:55 UTC 2025","Тест класс","example-diff.spec.ts","",""
"","5974","Главная страница содержит заголовок","","Thu Dec 11 12:14:24 UTC 2025","failed","Thu Dec 11 12:14:30 UTC 2025","Тест класс","example.spec.ts","",""
"","703","Главная страница содержит заголовок 2","","Thu Dec 11 12:17:48 UTC 2025","passed","Thu Dec 11 12:17:48 UTC 2025","Тест класс","example.spec.ts","",""
"","6047","Главная страница содержит заголовок","","Thu Dec 11 12:09:56 UTC 2025","failed","Thu Dec 11 12:10:02 UTC 2025","Тест класс","example.spec.ts","",""
"","6043","Главная страница содержит заголовок","","Thu Dec 11 12:11:34 UTC 2025","failed","Thu Dec 11 12:11:40 UTC 2025","Тест класс","example.spec.ts","",""
"","736","Главная страница содержит заголовок 2","","Thu Dec 11 12:22:07 UTC 2025","passed","Thu Dec 11 12:22:08 UTC 2025","Тест класс","example-diff.spec.ts","",""
"","659","Главная страница содержит заголовок 2","","Thu Dec 11 12:12:35 UTC 2025","passed","Thu Dec 11 12:12:36 UTC 2025","Тест класс","example.spec.ts","",""
"","762","Главная страница содержит заголовок 2","","Thu Dec 11 12:15:51 UTC 2025","passed","Thu Dec 11 12:15:52 UTC 2025","Тест класс","example-diff.spec.ts","",""
"","6075","Главная страница содержит заголовок","","Thu Dec 11 12:10:23 UTC 2025","failed","Thu Dec 11 12:10:29 UTC 2025","Тест класс","example.spec.ts","",""
"","5985","Главная страница содержит заголовок","","Thu Dec 11 12:19:10 UTC 2025","failed","Thu Dec 11 12:19:16 UTC 2025","Тест класс","example-diff.spec.ts","",""
"","6057","Главная страница содержит заголовок","","Thu Dec 11 12:15:53 UTC 2025","failed","Thu Dec 11 12:15:59 UTC 2025","Тест класс","example.spec.ts","",""
"","5923","Главная страница содержит заголовок","","Thu Dec 11 12:18:43 UTC 2025","failed","Thu Dec 11 12:18:49 UTC 2025","Тест класс","example.spec.ts","",""
"","760","Главная страница содержит заголовок 2","","Thu Dec 11 12:15:06 UTC 2025","passed","Thu Dec 11 12:15:07 UTC 2025","Тест класс","example-diff.spec.ts","",""
"","674","Главная страница содержит заголовок 2","","Thu Dec 11 12:10:57 UTC 2025","passed","Thu Dec 11 12:10:58 UTC 2025","Тест класс","example.spec.ts","",""
"","710","Главная страница содержит заголовок 2","","Thu Dec 11 12:13:37 UTC 2025","passed","Thu Dec 11 12:13:38 UTC 2025","Тест класс","example-diff.spec.ts","",""
"","6194","Главная страница содержит заголовок","","Thu Dec 11 12:08:08 UTC 2025","failed","Thu Dec 11 12:08:14 UTC 2025","Тест класс","example.spec.ts","",""
"","6094","Главная страница содержит заголовок","","Thu Dec 11 12:16:02 UTC 2025","failed","Thu Dec 11 12:16:08 UTC 2025","Тест класс","example.spec.ts","",""
"","6099","Главная страница содержит заголовок","","Thu Dec 11 12:15:17 UTC 2025","failed","Thu Dec 11 12:15:23 UTC 2025","Тест класс","example.spec.ts","",""
"","6141","Главная страница содержит заголовок","","Thu Dec 11 12:08:17 UTC 2025","failed","Thu Dec 11 12:08:24 UTC 2025","Тест класс","example-diff.spec.ts","",""
"","6048","Главная страница содержит заголовок","","Thu Dec 11 12:10:05 UTC 2025","failed","Thu Dec 11 12:10:11 UTC 2025","Тест класс","example.spec.ts","",""
"","6108","Главная страница содержит заголовок","","Thu Dec 11 12:17:49 UTC 2025","failed","Thu Dec 11 12:17:55 UTC 2025","Тест класс","example.spec.ts","",""
"","721","Главная страница содержит заголовок 2","","Thu Dec 11 12:18:23 UTC 2025","passed","Thu Dec 11 12:18:24 UTC 2025","Тест класс","example-diff.spec.ts","",""
"","703","Главная страница содержит заголовок 2","","Thu Dec 11 12:11:50 UTC 2025","passed","Thu Dec 11 12:11:51 UTC 2025","Тест класс","example.spec.ts","",""
"","6049","Главная страница содержит заголовок","","Thu Dec 11 12:13:04 UTC 2025","failed","Thu Dec 11 12:13:10 UTC 2025","Тест класс","example.spec.ts","",""
"","716","Главная страница содержит заголовок 2","","Thu Dec 11 12:08:52 UTC 2025","passed","Thu Dec 11 12:08:52 UTC 2025","Тест класс","example.spec.ts","",""
"","672","Главная страница содержит заголовок 2","","Thu Dec 11 12:19:17 UTC 2025","passed","Thu Dec 11 12:19:18 UTC 2025","Тест класс","example.spec.ts","",""
"","6054","Главная страница содержит заголовок","","Thu Dec 11 12:13:12 UTC 2025","failed","Thu Dec 11 12:13:18 UTC 2025","Тест класс","example-diff.spec.ts","",""
"","735","Главная страница содержит заголовок 2","","Thu Dec 11 12:12:35 UTC 2025","passed","Thu Dec 11 12:12:36 UTC 2025","Тест класс","example-diff.spec.ts","",""
"","701","Главная страница содержит заголовок 2","","Thu Dec 11 12:11:23 UTC 2025","passed","Thu Dec 11 12:11:24 UTC 2025","Тест класс","example-diff.spec.ts","",""
"","750","Главная страница содержит заголовок 2","","Thu Dec 11 12:14:49 UTC 2025","passed","Thu Dec 11 12:14:49 UTC 2025","Тест класс","example-diff.spec.ts","",""
"","6060","Главная страница содержит заголовок","","Thu Dec 11 12:15:44 UTC 2025","failed","Thu Dec 11 12:15:50 UTC 2025","Тест класс","example-diff.spec.ts","",""
"","779","Главная страница содержит заголовок 2","","Thu Dec 11 12:15:15 UTC 2025","passed","Thu Dec 11 12:15:16 UTC 2025","Тест класс","example-diff.spec.ts","",""
"","6104","Главная страница содержит заголовок","","Thu Dec 11 12:15:17 UTC 2025","failed","Thu Dec 11 12:15:23 UTC 2025","Тест класс","example-diff.spec.ts","",""
"","743","Главная страница содержит заголовок 2","","Thu Dec 11 12:11:59 UTC 2025","passed","Thu Dec 11 12:12:00 UTC 2025","Тест класс","example-diff.spec.ts","",""
"","753","Главная страница содержит заголовок 2","","Thu Dec 11 12:15:33 UTC 2025","passed","Thu Dec 11 12:15:34 UTC 2025","Тест класс","example-diff.spec.ts","",""
"","768","Главная страница содержит заголовок 2","","Thu Dec 11 12:10:21 UTC 2025","passed","Thu Dec 11 12:10:22 UTC 2025","Тест класс","example-diff.spec.ts","",""
"","742","Главная страница содержит заголовок 2","","Thu Dec 11 12:21:04 UTC 2025","passed","Thu Dec 11 12:21:05 UTC 2025","Тест класс","example-diff.spec.ts","",""
"","698","Главная страница содержит заголовок 2","","Thu Dec 11 12:20:10 UTC 2025","passed","Thu Dec 11 12:20:11 UTC 2025","Тест класс","example-diff.spec.ts","",""
"","746","Главная страница содержит заголовок 2","","Thu Dec 11 12:08:34 UTC 2025","passed","Thu Dec 11 12:08:34 UTC 2025","Тест класс","example-diff.spec.ts","",""
"","729","Главная страница содержит заголовок 2","","Thu Dec 11 12:20:55 UTC 2025","passed","Thu Dec 11 12:20:56 UTC 2025","Тест класс","example-diff.spec.ts","",""
"","773","Главная страница содержит заголовок 2","","Thu Dec 11 12:16:18 UTC 2025","passed","Thu Dec 11 12:16:19 UTC 2025","Тест класс","example-diff.spec.ts","",""
"","6012","Главная страница содержит заголовок","","Thu Dec 11 12:19:01 UTC 2025","failed","Thu Dec 11 12:19:07 UTC 2025","Тест класс","example-diff.spec.ts","",""
"","6046","Главная страница содержит заголовок","","Thu Dec 11 12:11:07 UTC 2025","failed","Thu Dec 11 12:11:13 UTC 2025","Тест класс","example-diff.spec.ts","",""
"","5954","Главная страница содержит заголовок","","Thu Dec 11 12:19:10 UTC 2025","failed","Thu Dec 11 12:19:16 UTC 2025","Тест класс","example.spec.ts","",""
"","6030","Главная страница содержит заголовок","","Thu Dec 11 12:11:17 UTC 2025","failed","Thu Dec 11 12:11:23 UTC 2025","Тест класс","example.spec.ts","",""
"","718","Главная страница содержит заголовок 2","","Thu Dec 11 12:10:21 UTC 2025","passed","Thu Dec 11 12:10:22 UTC 2025","Тест класс","example.spec.ts","",""
"","6028","Главная страница содержит заголовок","","Thu Dec 11 12:12:37 UTC 2025","failed","Thu Dec 11 12:12:43 UTC 2025","Тест класс","example.spec.ts","",""
"","705","Главная страница содержит заголовок 2","","Thu Dec 11 12:14:04 UTC 2025","passed","Thu Dec 11 12:14:05 UTC 2025","Тест класс","example-diff.spec.ts","",""
"","672","Главная страница содержит заголовок 2","","Thu Dec 11 12:18:24 UTC 2025","passed","Thu Dec 11 12:18:24 UTC 2025","Тест класс","example.spec.ts","",""
"","6097","Главная страница содержит заголовок","","Thu Dec 11 12:17:40 UTC 2025","failed","Thu Dec 11 12:17:46 UTC 2025","Тест класс","example-diff.spec.ts","",""
"","715","Главная страница содержит заголовок 2","","Thu Dec 11 12:23:01 UTC 2025","passed","Thu Dec 11 12:23:01 UTC 2025","Тест класс","example-diff.spec.ts","",""
"","5991","Главная страница содержит заголовок","","Thu Dec 11 12:09:20 UTC 2025","failed","Thu Dec 11 12:09:26 UTC 2025","Тест класс","example.spec.ts","",""
"","754","Главная страница содержит заголовок 2","","Thu Dec 11 12:10:57 UTC 2025","passed","Thu Dec 11 12:10:57 UTC 2025","Тест класс","example-diff.spec.ts","",""
"","6026","Главная страница содержит заголовок","","Thu Dec 11 12:16:29 UTC 2025","failed","Thu Dec 11 12:16:35 UTC 2025","Тест класс","example-diff.spec.ts","",""
"","6142","Главная страница содержит заголовок","","Thu Dec 11 12:15:35 UTC 2025","failed","Thu Dec 11 12:15:41 UTC 2025","Тест класс","example-diff.spec.ts","",""
"","6089","Главная страница содержит заголовок","","Thu Dec 11 12:15:26 UTC 2025","failed","Thu Dec 11 12:15:32 UTC 2025","Тест класс","example-diff.spec.ts","",""
"","745","Главная страница содержит заголовок 2","","Thu Dec 11 12:08:16 UTC 2025","passed","Thu Dec 11 12:08:16 UTC 2025","Тест класс","example-diff.spec.ts","",""
"","6067","Главная страница содержит заголовок","","Thu Dec 11 12:20:48 UTC 2025","failed","Thu Dec 11 12:20:54 UTC 2025","Тест класс","example-diff.spec.ts","",""
"","6021","Главная страница содержит заголовок","","Thu Dec 11 12:09:11 UTC 2025","failed","Thu Dec 11 12:09:17 UTC 2025","Тест класс","example-diff.spec.ts","",""
"","768","Главная страница содержит заголовок 2","","Thu Dec 11 12:16:09 UTC 2025","passed","Thu Dec 11 12:16:10 UTC 2025","Тест класс","example-diff.spec.ts","",""
"","702","Главная страница содержит заголовок 2","","Thu Dec 11 12:09:18 UTC 2025","passed","Thu Dec 11 12:09:19 UTC 2025","Тест класс","example-diff.spec.ts","",""
"","6116","Главная страница содержит заголовок","","Thu Dec 11 12:10:05 UTC 2025","failed","Thu Dec 11 12:10:11 UTC 2025","Тест класс","example-diff.spec.ts","",""
"","6039","Главная страница содержит заголовок","","Thu Dec 11 12:10:14 UTC 2025","failed","Thu Dec 11 12:10:20 UTC 2025","Тест класс","example.spec.ts","",""
"","764","Главная страница содержит заголовок 2","","Thu Dec 11 12:08:43 UTC 2025","passed","Thu Dec 11 12:08:43 UTC 2025","Тест класс","example-diff.spec.ts","",""
"","6082","Главная страница содержит заголовок","","Thu Dec 11 12:21:42 UTC 2025","failed","Thu Dec 11 12:21:48 UTC 2025","Тест класс","example-diff.spec.ts","",""
"","6021","Главная страница содержит заголовок","","Thu Dec 11 12:13:30 UTC 2025","failed","Thu Dec 11 12:13:36 UTC 2025","Тест класс","example-diff.spec.ts","",""
"","678","Главная страница содержит заголовок 2","","Thu Dec 11 12:16:09 UTC 2025","passed","Thu Dec 11 12:16:10 UTC 2025","Тест класс","example.spec.ts","",""
"","704","Главная страница содержит заголовок 2","","Thu Dec 11 12:09:01 UTC 2025","passed","Thu Dec 11 12:09:01 UTC 2025","Тест класс","example.spec.ts","",""
"","6112","Главная страница содержит заголовок","","Thu Dec 11 12:17:40 UTC 2025","failed","Thu Dec 11 12:17:46 UTC 2025","Тест класс","example.spec.ts","",""
"","689","Главная страница содержит заголовок 2","","Thu Dec 11 12:15:24 UTC 2025","passed","Thu Dec 11 12:15:25 UTC 2025","Тест класс","example.spec.ts","",""
"","6035","Главная страница содержит заголовок","","Thu Dec 11 12:13:39 UTC 2025","failed","Thu Dec 11 12:13:45 UTC 2025","Тест класс","example.spec.ts","",""
"","5971","Главная страница содержит заголовок","","Thu Dec 11 12:21:51 UTC 2025","failed","Thu Dec 11 12:21:57 UTC 2025","Тест класс","example-diff.spec.ts","",""
"","6054","Главная страница содержит заголовок","","Thu Dec 11 12:09:47 UTC 2025","failed","Thu Dec 11 12:09:53 UTC 2025","Тест класс","example.spec.ts","",""
"","6046","Главная страница содержит заголовок","","Thu Dec 11 12:09:29 UTC 2025","failed","Thu Dec 11 12:09:35 UTC 2025","Тест класс","example-diff.spec.ts","",""
"","750","Главная страница содержит заголовок 2","","Thu Dec 11 12:15:24 UTC 2025","passed","Thu Dec 11 12:15:25 UTC 2025","Тест класс","example-diff.spec.ts","",""
"","652","Главная страница содержит заголовок 2","","Thu Dec 11 12:22:52 UTC 2025","passed","Thu Dec 11 12:22:53 UTC 2025","Тест класс","example.spec.ts","",""
"","759","Главная страница содержит заголовок 2","","Thu Dec 11 12:17:12 UTC 2025","passed","Thu Dec 11 12:17:12 UTC 2025","Тест класс","example-diff.spec.ts","",""
"","5952","Главная страница содержит заголовок","","Thu Dec 11 12:11:52 UTC 2025","failed","Thu Dec 11 12:11:58 UTC 2025","Тест класс","example-diff.spec.ts","",""
"","682","Главная страница содержит заголовок 2","","Thu Dec 11 12:13:55 UTC 2025","passed","Thu Dec 11 12:13:56 UTC 2025","Тест класс","example.spec.ts","",""
"","692","Главная страница содержит заголовок 2","","Thu Dec 11 12:21:04 UTC 2025","passed","Thu Dec 11 12:21:05 UTC 2025","Тест класс","example.spec.ts","",""
"","722","Главная страница содержит заголовок 2","","Thu Dec 11 12:18:50 UTC 2025","passed","Thu Dec 11 12:18:51 UTC 2025","Тест класс","example-diff.spec.ts","",""
"","700","Главная страница содержит заголовок 2","","Thu Dec 11 12:18:32 UTC 2025","passed","Thu Dec 11 12:18:33 UTC 2025","Тест класс","example-diff.spec.ts","",""
"","6101","Главная страница содержит заголовок","","Thu Dec 11 12:21:33 UTC 2025","failed","Thu Dec 11 12:21:39 UTC 2025","Тест класс","example-diff.spec.ts","",""
"","687","Главная страница содержит заголовок 2","","Thu Dec 11 12:15:16 UTC 2025","passed","Thu Dec 11 12:15:16 UTC 2025","Тест класс","example.spec.ts","",""
"","6104","Главная страница содержит заголовок","","Thu Dec 11 12:15:26 UTC 2025","failed","Thu Dec 11 12:15:32 UTC 2025","Тест класс","example.spec.ts","",""
"","659","Главная страница содержит заголовок 2","","Thu Dec 11 12:14:04 UTC 2025","passed","Thu Dec 11 12:14:05 UTC 2025","Тест класс","example.spec.ts","",""
"","723","Главная страница содержит заголовок 2","","Thu Dec 11 12:19:53 UTC 2025","passed","Thu Dec 11 12:19:53 UTC 2025","Тест класс","example-diff.spec.ts","",""
"","679","Главная страница содержит заголовок 2","","Thu Dec 11 12:12:53 UTC 2025","passed","Thu Dec 11 12:12:54 UTC 2025","Тест класс","example.spec.ts","",""
"","6052","Главная страница содержит заголовок","","Thu Dec 11 12:17:13 UTC 2025","failed","Thu Dec 11 12:17:19 UTC 2025","Тест класс","example-diff.spec.ts","",""
"","704","Главная страница содержит заголовок 2","","Thu Dec 11 12:09:54 UTC 2025","passed","Thu Dec 11 12:09:55 UTC 2025","Тест класс","example.spec.ts","",""
"","679","Главная страница содержит заголовок 2","","Thu Dec 11 12:18:33 UTC 2025","passed","Thu Dec 11 12:18:33 UTC 2025","Тест класс","example.spec.ts","",""
"","679","Главная страница содержит заголовок 2","","Thu Dec 11 12:11:06 UTC 2025","passed","Thu Dec 11 12:11:07 UTC 2025","Тест класс","example.spec.ts","",""
"","6064","Главная страница содержит заголовок","","Thu Dec 11 12:18:07 UTC 2025","failed","Thu Dec 11 12:18:13 UTC 2025","Тест класс","example.spec.ts","",""
"","657","Главная страница содержит заголовок 2","","Thu Dec 11 12:19:44 UTC 2025","passed","Thu Dec 11 12:19:45 UTC 2025","Тест класс","example.spec.ts","",""
"","723","Главная страница содержит заголовок 2","","Thu Dec 11 12:11:32 UTC 2025","passed","Thu Dec 11 12:11:33 UTC 2025","Тест класс","example-diff.spec.ts","",""
"","6067","Главная страница содержит заголовок","","Thu Dec 11 12:18:07 UTC 2025","failed","Thu Dec 11 12:18:13 UTC 2025","Тест класс","example-diff.spec.ts","",""
"","652","Главная страница содержит заголовок 2","","Thu Dec 11 12:13:02 UTC 2025","passed","Thu Dec 11 12:13:03 UTC 2025","Тест класс","example.spec.ts","",""
"","677","Главная страница содержит заголовок 2","","Thu Dec 11 12:18:59 UTC 2025","passed","Thu Dec 11 12:19:00 UTC 2025","Тест класс","example.spec.ts","",""
"","6019","Главная страница содержит заголовок","","Thu Dec 11 12:20:30 UTC 2025","failed","Thu Dec 11 12:20:36 UTC 2025","Тест класс","example-diff.spec.ts","",""
"","6014","Главная страница содержит заголовок","","Thu Dec 11 12:18:16 UTC 2025","failed","Thu Dec 11 12:18:22 UTC 2025","Тест класс","example-diff.spec.ts","",""
"","5983","Главная страница содержит заголовок","","Thu Dec 11 12:19:46 UTC 2025","failed","Thu Dec 11 12:19:52 UTC 2025","Тест класс","example.spec.ts","",""
"","6016","Главная страница содержит заголовок","","Thu Dec 11 12:10:49 UTC 2025","failed","Thu Dec 11 12:10:55 UTC 2025","Тест класс","example-diff.spec.ts","",""
"","747","Главная страница содержит заголовок 2","","Thu Dec 11 12:08:51 UTC 2025","passed","Thu Dec 11 12:08:52 UTC 2025","Тест класс","example-diff.spec.ts","",""
"","6108","Главная страница содержит заголовок","","Thu Dec 11 12:22:00 UTC 2025","failed","Thu Dec 11 12:22:06 UTC 2025","Тест класс","example-diff.spec.ts","",""
"","6052","Главная страница содержит заголовок","","Thu Dec 11 12:16:38 UTC 2025","failed","Thu Dec 11 12:16:44 UTC 2025","Тест класс","example-diff.spec.ts","",""
"","717","Главная страница содержит заголовок 2","","Thu Dec 11 12:19:17 UTC 2025","passed","Thu Dec 11 12:19:18 UTC 2025","Тест класс","example-diff.spec.ts","",""
"","673","Главная страница содержит заголовок 2","","Thu Dec 11 12:11:15 UTC 2025","passed","Thu Dec 11 12:11:15 UTC 2025","Тест класс","example.spec.ts","",""
"","739","Главная страница содержит заголовок 2","","Thu Dec 11 12:22:43 UTC 2025","passed","Thu Dec 11 12:22:44 UTC 2025","Тест класс","example-diff.spec.ts","",""
"","6079","Главная страница содержит заголовок","","Thu Dec 11 12:22:09 UTC 2025","failed","Thu Dec 11 12:22:15 UTC 2025","Тест класс","example.spec.ts","",""
"","5980","Главная страница содержит заголовок","","Thu Dec 11 12:13:48 UTC 2025","failed","Thu Dec 11 12:13:54 UTC 2025","Тест класс","example.spec.ts","",""
"","6074","Главная страница содержит заголовок","","Thu Dec 11 12:08:45 UTC 2025","failed","Thu Dec 11 12:08:51 UTC 2025","Тест класс","example.spec.ts","",""
"","6041","Главная страница содержит заголовок","","Thu Dec 11 12:21:06 UTC 2025","failed","Thu Dec 11 12:21:12 UTC 2025","Тест класс","example-diff.spec.ts","",""
"","5983","Главная страница содержит заголовок","","Thu Dec 11 12:19:19 UTC 2025","failed","Thu Dec 11 12:19:25 UTC 2025","Тест класс","example-diff.spec.ts","",""
"","724","Главная страница содержит заголовок 2","","Thu Dec 11 12:20:37 UTC 2025","passed","Thu Dec 11 12:20:38 UTC 2025","Тест класс","example-diff.spec.ts","",""
"","6070","Главная страница содержит заголовок","","Thu Dec 11 12:09:47 UTC 2025","failed","Thu Dec 11 12:09:53 UTC 2025","Тест класс","example-diff.spec.ts","",""
"","6074","Главная страница содержит заголовок","","Thu Dec 11 12:22:36 UTC 2025","failed","Thu Dec 11 12:22:42 UTC 2025","Тест класс","example-diff.spec.ts","",""
"","658","Главная страница содержит заголовок 2","","Thu Dec 11 12:18:41 UTC 2025","passed","Thu Dec 11 12:18:42 UTC 2025","Тест класс","example.spec.ts","",""
"","6003","Главная страница содержит заголовок","","Thu Dec 11 12:20:30 UTC 2025","failed","Thu Dec 11 12:20:36 UTC 2025","Тест класс","example.spec.ts","",""
"","730","Главная страница содержит заголовок 2","","Thu Dec 11 12:12:44 UTC 2025","passed","Thu Dec 11 12:12:45 UTC 2025","Тест класс","example-diff.spec.ts","",""
"","731","Главная страница содержит заголовок 2","","Thu Dec 11 12:09:36 UTC 2025","passed","Thu Dec 11 12:09:37 UTC 2025","Тест класс","example-diff.spec.ts","",""
"","5977","Главная страница содержит заголовок","","Thu Dec 11 12:13:57 UTC 2025","failed","Thu Dec 11 12:14:03 UTC 2025","Тест класс","example-diff.spec.ts","",""
"","6064","Главная страница содержит заголовок","","Thu Dec 11 12:22:53 UTC 2025","failed","Thu Dec 11 12:23:00 UTC 2025","Тест класс","example-diff.spec.ts","",""
"","6018","Главная страница содержит заголовок","","Thu Dec 11 12:11:34 UTC 2025","failed","Thu Dec 11 12:11:40 UTC 2025","Тест класс","example-diff.spec.ts","",""
"","736","Главная страница содержит заголовок 2","","Thu Dec 11 12:14:31 UTC 2025","passed","Thu Dec 11 12:14:31 UTC 2025","Тест класс","example-diff.spec.ts","",""
"","718","Главная страница содержит заголовок 2","","Thu Dec 11 12:09:45 UTC 2025","passed","Thu Dec 11 12:09:46 UTC 2025","Тест класс","example.spec.ts","",""
"","6119","Главная страница содержит заголовок","","Thu Dec 11 12:15:35 UTC 2025","failed","Thu Dec 11 12:15:41 UTC 2025","Тест класс","example.spec.ts","",""
"","6074","Главная страница содержит заголовок","","Thu Dec 11 12:15:53 UTC 2025","failed","Thu Dec 11 12:15:59 UTC 2025","Тест класс","example-diff.spec.ts","",""
"","6002","Главная страница содержит заголовок","","Thu Dec 11 12:18:52 UTC 2025","failed","Thu Dec 11 12:18:58 UTC 2025","Тест класс","example.spec.ts","",""
"","712","Главная страница содержит заголовок 2","","Thu Dec 11 12:14:22 UTC 2025","passed","Thu Dec 11 12:14:22 UTC 2025","Тест класс","example-diff.spec.ts","",""
"","747","Главная страница содержит заголовок 2","","Thu Dec 11 12:16:54 UTC 2025","passed","Thu Dec 11 12:16:54 UTC 2025","Тест класс","example-diff.spec.ts","",""
"","5973","Главная страница содержит заголовок","","Thu Dec 11 12:12:55 UTC 2025","failed","Thu Dec 11 12:13:01 UTC 2025","Тест класс","example.spec.ts","",""
"","6021","Главная страница содержит заголовок","","Thu Dec 11 12:16:29 UTC 2025","failed","Thu Dec 11 12:16:35 UTC 2025","Тест класс","example.spec.ts","",""
"","703","Главная страница содержит заголовок 2","","Thu Dec 11 12:16:54 UTC 2025","passed","Thu Dec 11 12:16:55 UTC 2025","Тест класс","example.spec.ts","",""
"","6053","Главная страница содержит заголовок","","Thu Dec 11 12:22:00 UTC 2025","failed","Thu Dec 11 12:22:06 UTC 2025","Тест класс","example.spec.ts","",""
"","703","Главная страница содержит заголовок 2","","Thu Dec 11 12:17:30 UTC 2025","passed","Thu Dec 11 12:17:30 UTC 2025","Тест класс","example.spec.ts","",""
"","6035","Главная страница содержит заголовок","","Thu Dec 11 12:20:03 UTC 2025","failed","Thu Dec 11 12:20:09 UTC 2025","Тест класс","example-diff.spec.ts","",""
"","5951","Главная страница содержит заголовок","","Thu Dec 11 12:19:19 UTC 2025","failed","Thu Dec 11 12:19:25 UTC 2025","Тест класс","example.spec.ts","",""
"","5996","Главная страница содержит заголовок","","Thu Dec 11 12:22:27 UTC 2025","failed","Thu Dec 11 12:22:33 UTC 2025","Тест класс","example.spec.ts","",""
"","704","Главная страница содержит заголовок 2","","Thu Dec 11 12:16:36 UTC 2025","passed","Thu Dec 11 12:16:37 UTC 2025","Тест класс","example-diff.spec.ts","",""
"","5983","Главная страница содержит заголовок","","Thu Dec 11 12:14:33 UTC 2025","failed","Thu Dec 11 12:14:39 UTC 2025","Тест класс","example.spec.ts","",""
"","642","Главная страница содержит заголовок 2","","Thu Dec 11 12:20:47 UTC 2025","passed","Thu Dec 11 12:20:47 UTC 2025","Тест класс","example.spec.ts","",""
"","676","Главная страница содержит заголовок 2","","Thu Dec 11 12:10:48 UTC 2025","passed","Thu Dec 11 12:10:49 UTC 2025","Тест класс","example.spec.ts","",""
"","6048","Главная страница содержит заголовок","","Thu Dec 11 12:22:18 UTC 2025","failed","Thu Dec 11 12:22:24 UTC 2025","Тест класс","example-diff.spec.ts","",""
"","6014","Главная страница содержит заголовок","","Thu Dec 11 12:17:23 UTC 2025","failed","Thu Dec 11 12:17:29 UTC 2025","Тест класс","example.spec.ts","",""
"","639","Главная страница содержит заголовок 2","","Thu Dec 11 12:12:26 UTC 2025","passed","Thu Dec 11 12:12:27 UTC 2025","Тест класс","example.spec.ts","",""
"","6014","Главная страница содержит заголовок","","Thu Dec 11 12:13:21 UTC 2025","failed","Thu Dec 11 12:13:27 UTC 2025","Тест класс","example.spec.ts","",""
"","6032","Главная страница содержит заголовок","","Thu Dec 11 12:14:59 UTC 2025","failed","Thu Dec 11 12:15:05 UTC 2025","Тест класс","example.spec.ts","",""
"","696","Главная страница содержит заголовок 2","","Thu Dec 11 12:15:51 UTC 2025","passed","Thu Dec 11 12:15:52 UTC 2025","Тест класс","example.spec.ts","",""
"","6067","Главная страница содержит заголовок","","Thu Dec 11 12:17:22 UTC 2025","failed","Thu Dec 11 12:17:28 UTC 2025","Тест класс","example-diff.spec.ts","",""
"","718","Главная страница содержит заголовок 2","","Thu Dec 11 12:17:12 UTC 2025","passed","Thu Dec 11 12:17:13 UTC 2025","Тест класс","example.spec.ts","",""
"","6034","Главная страница содержит заголовок","","Thu Dec 11 12:12:55 UTC 2025","failed","Thu Dec 11 12:13:01 UTC 2025","Тест класс","example-diff.spec.ts","",""
"","694","Главная страница содержит заголовок 2","","Thu Dec 11 12:22:16 UTC 2025","passed","Thu Dec 11 12:22:17 UTC 2025","Тест класс","example.spec.ts","",""
"","725","Главная страница содержит заголовок 2","","Thu Dec 11 12:11:06 UTC 2025","passed","Thu Dec 11 12:11:06 UTC 2025","Тест класс","example-diff.spec.ts","",""
"","660","Главная страница содержит заголовок 2","","Thu Dec 11 12:09:18 UTC 2025","passed","Thu Dec 11 12:09:19 UTC 2025","Тест класс","example.spec.ts","",""
"","670","Главная страница содержит заголовок 2","","Thu Dec 11 12:21:31 UTC 2025","passed","Thu Dec 11 12:21:32 UTC 2025","Тест класс","example.spec.ts","",""
"","5995","Главная страница содержит заголовок","","Thu Dec 11 12:16:38 UTC 2025","failed","Thu Dec 11 12:16:44 UTC 2025","Тест класс","example.spec.ts","",""
"","740","Главная страница содержит заголовок 2","","Thu Dec 11 12:21:31 UTC 2025","passed","Thu Dec 11 12:21:32 UTC 2025","Тест класс","example-diff.spec.ts","",""
"","717","Главная страница содержит заголовок 2","","Thu Dec 11 12:11:14 UTC 2025","passed","Thu Dec 11 12:11:15 UTC 2025","Тест класс","example-diff.spec.ts","",""
"","6067","Главная страница содержит заголовок","","Thu Dec 11 12:16:11 UTC 2025","failed","Thu Dec 11 12:16:17 UTC 2025","Тест класс","example-diff.spec.ts","",""
"","6034","Главная страница содержит заголовок","","Thu Dec 11 12:22:27 UTC 2025","failed","Thu Dec 11 12:22:33 UTC 2025","Тест класс","example-diff.spec.ts","",""
"","5973","Главная страница содержит заголовок","","Thu Dec 11 12:14:06 UTC 2025","failed","Thu Dec 11 12:14:12 UTC 2025","Тест класс","example-diff.spec.ts","",""
"","6045","Главная страница содержит заголовок","","Thu Dec 11 12:10:14 UTC 2025","failed","Thu Dec 11 12:10:20 UTC 2025","Тест класс","example-diff.spec.ts","",""
"","6032","Главная страница содержит заголовок","","Thu Dec 11 12:12:01 UTC 2025","failed","Thu Dec 11 12:12:07 UTC 2025","Тест класс","example-diff.spec.ts","",""
"","658","Главная страница содержит заголовок 2","","Thu Dec 11 12:13:37 UTC 2025","passed","Thu Dec 11 12:13:38 UTC 2025","Тест класс","example.spec.ts","",""
"","745","Главная страница содержит заголовок 2","","Thu Dec 11 12:21:58 UTC 2025","passed","Thu Dec 11 12:21:59 UTC 2025","Тест класс","example-diff.spec.ts","",""
"","729","Главная страница содержит заголовок 2","","Thu Dec 11 12:14:40 UTC 2025","passed","Thu Dec 11 12:14:40 UTC 2025","Тест класс","example-diff.spec.ts","",""
"","715","Главная страница содержит заголовок 2","","Thu Dec 11 12:14:49 UTC 2025","passed","Thu Dec 11 12:14:50 UTC 2025","Тест класс","example.spec.ts","",""
"","6068","Главная страница содержит заголовок","","Thu Dec 11 12:16:47 UTC 2025","failed","Thu Dec 11 12:16:53 UTC 2025","Тест класс","example.spec.ts","",""
"","5967","Главная страница содержит заголовок","","Thu Dec 11 12:19:28 UTC 2025","failed","Thu Dec 11 12:19:34 UTC 2025","Тест класс","example.spec.ts","",""
"","719","Главная страница содержит заголовок 2","","Thu Dec 11 12:16:00 UTC 2025","passed","Thu Dec 11 12:16:01 UTC 2025","Тест класс","example.spec.ts","",""
"","6089","Главная страница содержит заголовок","","Thu Dec 11 12:17:58 UTC 2025","failed","Thu Dec 11 12:18:04 UTC 2025","Тест класс","example.spec.ts","",""
"","6046","Главная страница содержит заголовок","","Thu Dec 11 12:20:21 UTC 2025","failed","Thu Dec 11 12:20:27 UTC 2025","Тест класс","example-diff.spec.ts","",""
"","703","Главная страница содержит заголовок 2","","Thu Dec 11 12:14:57 UTC 2025","passed","Thu Dec 11 12:14:58 UTC 2025","Тест класс","example-diff.spec.ts","",""
"","726","Главная страница содержит заголовок 2","","Thu Dec 11 12:13:46 UTC 2025","passed","Thu Dec 11 12:13:47 UTC 2025","Тест класс","example-diff.spec.ts","",""
"","6106","Главная страница содержит заголовок","","Thu Dec 11 12:08:18 UTC 2025","failed","Thu Dec 11 12:08:24 UTC 2025","Тест класс","example.spec.ts","",""
"","666","Главная страница содержит заголовок 2","","Thu Dec 11 12:21:58 UTC 2025","passed","Thu Dec 11 12:21:59 UTC 2025","Тест класс","example.spec.ts","",""
"","6034","Главная страница содержит заголовок","","Thu Dec 11 12:08:53 UTC 2025","failed","Thu Dec 11 12:08:59 UTC 2025","Тест класс","example-diff.spec.ts","",""
"","5991","Главная страница содержит заголовок","","Thu Dec 11 12:12:28 UTC 2025","failed","Thu Dec 11 12:12:34 UTC 2025","Тест класс","example.spec.ts","",""
"","6041","Главная страница содержит заголовок","","Thu Dec 11 12:20:57 UTC 2025","failed","Thu Dec 11 12:21:03 UTC 2025","Тест класс","example-diff.spec.ts","",""
"","6013","Главная страница содержит заголовок","","Thu Dec 11 12:22:45 UTC 2025","failed","Thu Dec 11 12:22:51 UTC 2025","Тест класс","example.spec.ts","",""
"","698","Главная страница содержит заголовок 2","","Thu Dec 11 12:08:43 UTC 2025","passed","Thu Dec 11 12:08:43 UTC 2025","Тест класс","example.spec.ts","",""
"","6028","Главная страница содержит заголовок","","Thu Dec 11 12:22:54 UTC 2025","failed","Thu Dec 11 12:23:00 UTC 2025","Тест класс","example.spec.ts","",""
"","5989","Главная страница содержит заголовок","","Thu Dec 11 12:09:29 UTC 2025","failed","Thu Dec 11 12:09:35 UTC 2025","Тест класс","example.spec.ts","",""
"","6045","Главная страница содержит заголовок","","Thu Dec 11 12:19:01 UTC 2025","failed","Thu Dec 11 12:19:07 UTC 2025","Тест класс","example.spec.ts","",""
"","5982","Главная страница содержит заголовок","","Thu Dec 11 12:21:51 UTC 2025","failed","Thu Dec 11 12:21:57 UTC 2025","Тест класс","example.spec.ts","",""
"","6025","Главная страница содержит заголовок","","Thu Dec 11 12:18:52 UTC 2025","failed","Thu Dec 11 12:18:58 UTC 2025","Тест класс","example-diff.spec.ts","",""
"","6013","Главная страница содержит заголовок","","Thu Dec 11 12:13:48 UTC 2025","failed","Thu Dec 11 12:13:54 UTC 2025","Тест класс","example-diff.spec.ts","",""
"","6044","Главная страница содержит заголовок","","Thu Dec 11 12:16:47 UTC 2025","failed","Thu Dec 11 12:16:53 UTC 2025","Тест класс","example-diff.spec.ts","",""
"","6077","Главная страница содержит заголовок","","Thu Dec 11 12:22:09 UTC 2025","failed","Thu Dec 11 12:22:15 UTC 2025","Тест класс","example-diff.spec.ts","",""
"","711","Главная страница содержит заголовок 2","","Thu Dec 11 12:20:28 UTC 2025","passed","Thu Dec 11 12:20:29 UTC 2025","Тест класс","example-diff.spec.ts","",""
"","649","Главная страница содержит заголовок 2","","Thu Dec 11 12:20:38 UTC 2025","passed","Thu Dec 11 12:20:38 UTC 2025","Тест класс","example.spec.ts","",""
"","757","Главная страница содержит заголовок 2","","Thu Dec 11 12:09:54 UTC 2025","passed","Thu Dec 11 12:09:55 UTC 2025","Тест класс","example-diff.spec.ts","",""
"","6049","Главная страница содержит заголовок","","Thu Dec 11 12:16:20 UTC 2025","failed","Thu Dec 11 12:16:26 UTC 2025","Тест класс","example.spec.ts","",""
"","6015","Главная страница содержит заголовок","","Thu Dec 11 12:21:15 UTC 2025","failed","Thu Dec 11 12:21:21 UTC 2025","Тест класс","example.spec.ts","",""
"","6019","Главная страница содержит заголовок","","Thu Dec 11 12:21:24 UTC 2025","failed","Thu Dec 11 12:21:30 UTC 2025","Тест класс","example-diff.spec.ts","",""
"","6066","Главная страница содержит заголовок","","Thu Dec 11 12:08:53 UTC 2025","failed","Thu Dec 11 12:09:00 UTC 2025","Тест класс","example.spec.ts","",""
"","673","Главная страница содержит заголовок 2","","Thu Dec 11 12:13:11 UTC 2025","passed","Thu Dec 11 12:13:11 UTC 2025","Тест класс","example.spec.ts","",""
"","718","Главная страница содержит заголовок 2","","Thu Dec 11 12:09:27 UTC 2025","passed","Thu Dec 11 12:09:28 UTC 2025","Тест класс","example-diff.spec.ts","",""
"","708","Главная страница содержит заголовок 2","","Thu Dec 11 12:15:33 UTC 2025","passed","Thu Dec 11 12:15:34 UTC 2025","Тест класс","example.spec.ts","",""
"","6038","Главная страница содержит заголовок","","Thu Dec 11 12:22:45 UTC 2025","failed","Thu Dec 11 12:22:51 UTC 2025","Тест класс","example-diff.spec.ts","",""
"","732","Главная страница содержит заголовок 2","","Thu Dec 11 12:10:03 UTC 2025","passed","Thu Dec 11 12:10:04 UTC 2025","Тест класс","example.spec.ts","",""
"","684","Главная страница содержит заголовок 2","","Thu Dec 11 12:14:40 UTC 2025","passed","Thu Dec 11 12:14:41 UTC 2025","Тест класс","example.spec.ts","",""
"","691","Главная страница содержит заголовок 2","","Thu Dec 11 12:20:20 UTC 2025","passed","Thu Dec 11 12:20:20 UTC 2025","Тест класс","example.spec.ts","",""
"","787","Главная страница содержит заголовок 2","","Thu Dec 11 12:17:47 UTC 2025","passed","Thu Dec 11 12:17:48 UTC 2025","Тест класс","example-diff.spec.ts","",""
"","640","Главная страница содержит заголовок 2","","Thu Dec 11 12:14:31 UTC 2025","passed","Thu Dec 11 12:14:32 UTC 2025","Тест класс","example.spec.ts","",""
"","745","Главная страница содержит заголовок 2","","Thu Dec 11 12:10:03 UTC 2025","passed","Thu Dec 11 12:10:04 UTC 2025","Тест класс","example-diff.spec.ts","",""
"","6014","Главная страница содержит заголовок","","Thu Dec 11 12:14:15 UTC 2025","failed","Thu Dec 11 12:14:21 UTC 2025","Тест класс","example-diff.spec.ts","",""
"","6070","Главная страница содержит заголовок","","Thu Dec 11 12:16:56 UTC 2025","failed","Thu Dec 11 12:17:02 UTC 2025","Тест класс","example-diff.spec.ts","",""
"","678","Главная страница содержит заголовок 2","","Thu Dec 11 12:18:50 UTC 2025","passed","Thu Dec 11 12:18:51 UTC 2025","Тест класс","example.spec.ts","",""
"","5953","Главная страница содержит заголовок","","Thu Dec 11 12:14:24 UTC 2025","failed","Thu Dec 11 12:14:29 UTC 2025","Тест класс","example-diff.spec.ts","",""
"","821","Главная страница содержит заголовок 2","","Thu Dec 11 12:16:45 UTC 2025","passed","Thu Dec 11 12:16:46 UTC 2025","Тест класс","example-diff.spec.ts","",""
"","6077","Главная страница содержит заголовок","","Thu Dec 11 12:10:23 UTC 2025","failed","Thu Dec 11 12:10:29 UTC 2025","Тест класс","example-diff.spec.ts","",""
"","695","Главная страница содержит заголовок 2","","Thu Dec 11 12:14:13 UTC 2025","passed","Thu Dec 11 12:14:13 UTC 2025","Тест класс","example-diff.spec.ts","",""
"","704","Главная страница содержит заголовок 2","","Thu Dec 11 12:21:13 UTC 2025","passed","Thu Dec 11 12:21:14 UTC 2025","Тест класс","example.spec.ts","",""
"","694","Главная страница содержит заголовок 2","","Thu Dec 11 12:16:45 UTC 2025","passed","Thu Dec 11 12:16:46 UTC 2025","Тест класс","example.spec.ts","",""
"","5943","Главная страница содержит заголовок","","Thu Dec 11 12:12:19 UTC 2025","failed","Thu Dec 11 12:12:25 UTC 2025","Тест класс","example.spec.ts","",""
"","732","Главная страница содержит заголовок 2","","Thu Dec 11 12:13:55 UTC 2025","passed","Thu Dec 11 12:13:56 UTC 2025","Тест класс","example-diff.spec.ts","",""
"","710","Главная страница содержит заголовок 2","","Thu Dec 11 12:18:41 UTC 2025","passed","Thu Dec 11 12:18:42 UTC 2025","Тест класс","example-diff.spec.ts","",""
"","642","Главная страница содержит заголовок 2","","Thu Dec 11 12:12:09 UTC 2025","passed","Thu Dec 11 12:12:09 UTC 2025","Тест класс","example.spec.ts","",""
"","741","Главная страница содержит заголовок 2","","Thu Dec 11 12:13:02 UTC 2025","passed","Thu Dec 11 12:13:02 UTC 2025","Тест класс","example-diff.spec.ts","",""
"","748","Главная страница содержит заголовок 2","","Thu Dec 11 12:21:40 UTC 2025","passed","Thu Dec 11 12:21:41 UTC 2025","Тест класс","example-diff.spec.ts","",""
"","708","Главная страница содержит заголовок 2","","Thu Dec 11 12:22:16 UTC 2025","passed","Thu Dec 11 12:22:17 UTC 2025","Тест класс","example-diff.spec.ts","",""
"","715","Главная страница содержит заголовок 2","","Thu Dec 11 12:10:30 UTC 2025","passed","Thu Dec 11 12:10:31 UTC 2025","Тест класс","example.spec.ts","",""
"","695","Главная страница содержит заголовок 2","","Thu Dec 11 12:17:21 UTC 2025","passed","Thu Dec 11 12:17:21 UTC 2025","Тест класс","example.spec.ts","",""
"","727","Главная страница содержит заголовок 2","","Thu Dec 11 12:21:13 UTC 2025","passed","Thu Dec 11 12:21:14 UTC 2025","Тест класс","example-diff.spec.ts","",""
"","6020","Главная страница содержит заголовок","","Thu Dec 11 12:14:42 UTC 2025","failed","Thu Dec 11 12:14:48 UTC 2025","Тест класс","example.spec.ts","",""
"","678","Главная страница содержит заголовок 2","","Thu Dec 11 12:21:22 UTC 2025","passed","Thu Dec 11 12:21:23 UTC 2025","Тест класс","example.spec.ts","",""
"","681","Главная страница содержит заголовок 2","","Thu Dec 11 12:21:49 UTC 2025","passed","Thu Dec 11 12:21:50 UTC 2025","Тест класс","example.spec.ts","",""
"","6004","Главная страница содержит заголовок","","Thu Dec 11 12:17:31 UTC 2025","failed","Thu Dec 11 12:17:37 UTC 2025","Тест класс","example.spec.ts","",""
"","670","Главная страница содержит заголовок 2","","Thu Dec 11 12:17:39 UTC 2025","passed","Thu Dec 11 12:17:39 UTC 2025","Тест класс","example.spec.ts","",""
"","710","Главная страница содержит заголовок 2","","Thu Dec 11 12:22:07 UTC 2025","passed","Thu Dec 11 12:22:08 UTC 2025","Тест класс","example.spec.ts","",""
"","6012","Главная страница содержит заголовок","","Thu Dec 11 12:19:54 UTC 2025","failed","Thu Dec 11 12:20:00 UTC 2025","Тест класс","example-diff.spec.ts","",""
"","756","Главная страница содержит заголовок 2","","Thu Dec 11 12:10:30 UTC 2025","passed","Thu Dec 11 12:10:31 UTC 2025","Тест класс","example-diff.spec.ts","",""
"","737","Главная страница содержит заголовок 2","","Thu Dec 11 12:18:59 UTC 2025","passed","Thu Dec 11 12:19:00 UTC 2025","Тест класс","example-diff.spec.ts","",""
"","737","Главная страница содержит заголовок 2","","Thu Dec 11 12:11:41 UTC 2025","passed","Thu Dec 11 12:11:42 UTC 2025","Тест класс","example-diff.spec.ts","",""
"","6013","Главная страница содержит заголовок","","Thu Dec 11 12:12:28 UTC 2025","failed","Thu Dec 11 12:12:34 UTC 2025","Тест класс","example-diff.spec.ts","",""
"","712","Главная страница содержит заголовок 2","","Thu Dec 11 12:16:18 UTC 2025","passed","Thu Dec 11 12:16:19 UTC 2025","Тест класс","example.spec.ts","",""
"","752","Главная страница содержит заголовок 2","","Thu Dec 11 12:15:42 UTC 2025","passed","Thu Dec 11 12:15:43 UTC 2025","Тест класс","example-diff.spec.ts","",""
"","706","Главная страница содержит заголовок 2","","Thu Dec 11 12:10:48 UTC 2025","passed","Thu Dec 11 12:10:48 UTC 2025","Тест класс","example-diff.spec.ts","",""
"","6069","Главная страница содержит заголовок","","Thu Dec 11 12:09:38 UTC 2025","failed","Thu Dec 11 12:09:44 UTC 2025","Тест класс","example-diff.spec.ts","",""
"","6035","Главная страница содержит заголовок","","Thu Dec 11 12:11:52 UTC 2025","failed","Thu Dec 11 12:11:58 UTC 2025","Тест класс","example.spec.ts","",""
"","6041","Главная страница содержит заголовок","","Thu Dec 11 12:14:41 UTC 2025","failed","Thu Dec 11 12:14:47 UTC 2025","Тест класс","example-diff.spec.ts","",""
"","649","Главная страница содержит заголовок 2","","Thu Dec 11 12:12:00 UTC 2025","passed","Thu Dec 11 12:12:00 UTC 2025","Тест класс","example.spec.ts","",""
"","722","Главная страница содержит заголовок 2","","Thu Dec 11 12:08:25 UTC 2025","passed","Thu Dec 11 12:08:25 UTC 2025","Тест класс","example.spec.ts","",""
"","6111","Главная страница содержит заголовок","","Thu Dec 11 12:08:35 UTC 2025","failed","Thu Dec 11 12:08:41 UTC 2025","Тест класс","example-diff.spec.ts","",""
"","734","Главная страница содержит заголовок 2","","Thu Dec 11 12:17:56 UTC 2025","passed","Thu Dec 11 12:17:57 UTC 2025","Тест класс","example-diff.spec.ts","",""
"","706","Главная страница содержит заголовок 2","","Thu Dec 11 12:21:40 UTC 2025","passed","Thu Dec 11 12:21:41 UTC 2025","Тест класс","example.spec.ts","",""
"","6057","Главная страница содержит заголовок","","Thu Dec 11 12:10:32 UTC 2025","failed","Thu Dec 11 12:10:38 UTC 2025","Тест класс","example-diff.spec.ts","",""
"","746","Главная страница содержит заголовок 2","","Thu Dec 11 12:09:00 UTC 2025","passed","Thu Dec 11 12:09:01 UTC 2025","Тест класс","example-diff.spec.ts","",""
"","6054","Главная страница содержит заголовок","","Thu Dec 11 12:09:02 UTC 2025","failed","Thu Dec 11 12:09:08 UTC 2025","Тест класс","example.spec.ts","",""
"","688","Главная страница содержит заголовок 2","","Thu Dec 11 12:20:29 UTC 2025","passed","Thu Dec 11 12:20:29 UTC 2025","Тест класс","example.spec.ts","",""
